"","x"
"brasil",419
"bolsonaro",73
"lula",75
"vai",52
"sobre",50
"cada",43
"pra",39
"anitta",30
"debate",30
"vão",29
"leandroruschel",25
"mulheres",25
"feminicídio",23
"ninguém",23
"lulaoficial",22
"presidente",22
"maior",21
"mundo",21
"fake",20
"minutos",20
"dia",19
"mil",19
"news",19
"bolha",18
"corrigir",18
"jairbolsonaro",18
"militância",18
"redação",18
"agora",17
"aqui",17
"tebet",17
"lembrar",16
"ciro",15
"representa",15
"todos",15
"vamos",15
"bom",14
"candidato",14
"corrupto",14
"história",14
"hoje",14
"promessa",14
"realidade",14
"ser",14
"algo",13
"assumir",13
"estudante",13
"gente",13
"gusgonccalves",13
"bolsonaristas",12
"copa",12
"melhor",12
"aconteceu",11
"família",11
"jornalista",11
"nesse",11
"país",11
"ter",11
"tudo",11
"viu",11
"deus",10
"falar",10
"flferronato",10
"grande",10
"misógino",10
"onde",10
"próprio",10
"questão",10
"sempre",10
"todo",10
"três",10
"verdade",10
"vmas",10
"acidente",9
"aspecto",9
"bolsonarista",9
"brasileiros",9
"climática",9
"conhece",9
"curioso",9
"disse",9
"elitista",9
"expresidiário",9
"fundamental",9
"governo",9
"jogar",9
"moraes",9
"mostrar",9
"nunca",9
"oposto",9
"pensam",9
"pessoas",9
"planeta",9
"política",9
"preconceituoso",9
"radical",9
"repetirá",9
"sobrevivência",9
"twitter",9
"vou",9
"alexandre",8
"ano",8
"anos",8
"assim",8
"cirogomes",8
"cironogueira",8
"contra",8
"diferente",8
"eleito",8
"fome",8
"frente",8
"gigante",8
"parabéns",8
"penal",8
"rio",8
"show",8
"vera",8
"agência",7
"ainda",7
"audiência",7
"corrupção",7
"democracia",7
"desemprego",7
"desse",7
"ensinar",7
"fez",7
"futuro",7
"implorar",7
"inflação",7
"josuepatriota",7
"lição",7
"milhões",7
"min",7
"momento",7
"nenhuma",7
"nessa",7
"pode",7
"podemos",7
"porque",7
"quase",7
"recorde",7
"sabem",7
"tá",7
"ver",7
"vitória",7
"votando",7
"amam",6
"bem",6
"bernardokuster",6
"blá",6
"cara",6
"casa",6
"certeza",6
"coisa",6
"conversando",6
"dinheiro",6
"diz",6
"emmanuelluiz",6
"entendeu",6
"existem",6
"gatinhas",6
"gayergus",6
"harry",6
"imprensa",6
"instâncias",6
"lembra",6
"machista",6
"mentira",6
"mst",6
"muitas",6
"nacional",6
"norte",6
"novo",6
"opinião",6
"perigo",6
"precisa",6
"pro",6
"pátria",6
"resposta",6
"simone",6
"the",6
"time",6
"vma",6
"votos",6
"whatsapp",6
"zambelli",6
"acho",5
"acorda",5
"auxílio",5
"aí",5
"banco",5
"band",5
"bandeira",5
"bras",5
"brazilfight",5
"brunozor",5
"cedo",5
"confortam",5
"desfez",5
"detalhe",5
"dias",5
"dita",5
"edifica",5
"empregos",5
"enxergar",5
"esperança",5
"esquema",5
"existe",5
"explico",5
"fala",5
"falsas",5
"fascismo",5
"fato",5
"flamengo",5
"ganhamos",5
"hexa",5
"honório",5
"iludem",5
"inteiro",5
"internacional",5
"lema",5
"maioria",5
"menos",5
"mim",5
"mostram",5
"nao",5
"nenhum",5
"obrigado",5
"palavras",5
"palmeiras",5
"pedroronchi",5
"polidas",5
"porra",5
"possível",5
"povo",5
"precisamos",5
"promessas",5
"realmente",5
"reclamar",5
"reduzir",5
"sabe",5
"sai",5
"senador",5
"soraya",5
"styles",5
"taisdeverdade",5
"tribunal",5
"vcs",5
"verdadeira",5
"vergonha",5
"vez",5
"xerecagem",5
"zona",5
"único",5
"abre",4
"achei",4
"acontecer",4
"anulada",4
"apenas",4
"argumento",4
"assistindo",4
"atacava",4
"base",4
"caiocezarfp",4
"candidata",4
"certa",4
"chicopinheiro",4
"condenação",4
"conta",4
"continuar",4
"convocou",4
"criado",4
"crime",4
"defender",4
"defesa",4
"demais",4
"denunciado",4
"documentário",4
"dois",4
"dorme",4
"eleitoral",4
"empresa",4
"escroto",4
"especial",4
"face",4
"falou",4
"falta",4
"fazer",4
"final",4
"futebol",4
"gestã",4
"gomes",4
"indígena",4
"integralism",4
"joaquimmonstrao",4
"jornal",4
"jpdoficial",4
"julho",4
"kkkk",4
"lembram",4
"luta",4
"magalhães",4
"mal",4
"mandando",4
"muita",4
"mulher",4
"nada",4
"neste",4
"né",4
"números",4
"odeia",4
"outros",4
"para",4
"perdeu",4
"pergunta",4
"permanecer",4
"polícia",4
"poucos",4
"primeira",4
"processo",4
"professor",4
"rconstantino",4
"realizações",4
"rua",4
"réu",4
"safatleoficial",4
"saltitante",4
"sendo",4
"senhor",4
"suécia",4
"tanto",4
"termina",4
"todas",4
"torna",4
"tratava",4
"tão",4
"usado",4
"veio",4
"vem",4
"venha",4
"volta",4
"voto",4
"vídeo",4
"absolvido",3
"acima",3
"acreditam",3
"afirmou",3
"agradece",3
"alertatotal",3
"alguns",3
"amanhã",3
"andreiasadi",3
"andreporci",3
"antes",3
"apaixonou",3
"apareceu",3
"apoia",3
"apoiar",3
"apresentar",3
"após",3
"artista",3
"ate",3
"autorizado",3
"bbc",3
"bbcbrasil",3
"blink",3
"bolsa",3
"bolsonro",3
"brenolaerte",3
"briga",3
"bromelisa",3
"bts",3
"camisa",3
"canadense",3
"carai",3
"causa",3
"cavalcantilobo",3
"certo",3
"chegando",3
"cobrar",3
"coisas",3
"comeu",3
"começou",3
"condenado",3
"conquistou",3
"constituição",3
"credenciais",3
"desta",3
"destruição",3
"detona",3
"deu",3
"diante",3
"direito",3
"dizer",3
"doméstica",3
"dona",3
"dragon",3
"durante",3
"duríssimo",3
"editorial",3
"embaixadora",3
"empregada",3
"emprego",3
"empresários",3
"entra",3
"então",3
"espaciais",3
"estado",3
"estudei",3
"eua",3
"explicações",3
"falando",3
"falo",3
"fazendo",3
"faço",3
"felipe",3
"feliz",3
"fica",3
"ficar",3
"filhos",3
"fortunas",3
"foto",3
"funk",3
"ganhar",3
"grandes",3
"haddad",3
"hist",3
"histórico",3
"homem",3
"honrada",3
"house",3
"imagina",3
"imposto",3
"ingressos",3
"judiciário",3
"juliette",3
"kim",3
"kkkkkkkkkkkkkkkkkkkkkkkkkkkkkkkkkkk",3
"lançar",3
"libertadores",3
"lollapalooza",3
"líder",3
"maragabrilli",3
"meio",3
"mente",3
"mentiras",3
"ministro",3
"motorista",3
"mrmrvell",3
"muda",3
"mudar",3
"noite",3
"notloloribas",3
"nº",3
"ontem",3
"orgulho",3
"outra",3
"palocci",3
"participou",3
"passa",3
"paulo",3
"pensa",3
"pesquisa",3
"pessoal",3
"petista",3
"pib",3
"pouco",3
"preocupar",3
"preso",3
"pretender",3
"preço",3
"primeiro",3
"programa",3
"qualquer",3
"quero",3
"randolfeap",3
"reeleger",3
"reinaldoazevedo",3
"reino",3
"revistaoeste",3
"saí",3
"segunda",3
"semana",3
"shows",3
"simonetebetbr",3
"sistema",3
"taoquei",3
"tempo",3
"termos",3
"tirar",3
"trabalhador",3
"tracklist",3
"transmissão",3
"troca",3
"unido",3
"união",3
"vendo",3
"veramagalhaes",3
"veículos",3
"vida",3
"virou",3
"vivo",3
"votar",3
"voz",3
"wester",3
"último",3
"aberto",2
"acabou",2
"acha",2
"afirma",2
"agride",2
"alanzoka",2
"alemanha",2
"alexandregarcia",2
"alguma",2
"alguém",2
"ama",2
"amada",2
"ameaças",2
"amiga",2
"amigo",2
"américa",2
"anuncia",2
"apresentação",2
"asachsida",2
"assinada",2
"atual",2
"aumento",2
"avenida",2
"ação",2
"bancadaativista",2
"banda",2
"basta",2
"belrak",2
"bilhões",2
"boiada",2
"bola",2
"bolsonaronoprimeiroturno",2
"bolsonarosp",2
"brasileira",2
"brasileiro",2
"brasillimpa",2
"caged",2
"caminho",2
"campanha",2
"campeão",2
"candidatura",2
"cansei",2
"canta",2
"canção",2
"capitão",2
"carlaguedesb",2
"carlosbolsonaro",2
"carteira",2
"casas",2
"centraleleicoes",2
"chamou",2
"checou",2
"chega",2
"chegou",2
"cirleneponce",2
"citações",2
"civil",2
"cleptocracia",2
"clube",2
"cnn",2
"colinha",2
"colocou",2
"comemorou",2
"começo",2
"compromisso",2
"comunicação",2
"conceito",2
"conexaopolitica",2
"conhecido",2
"conheço",2
"considera",2
"conversa",2
"coração",2
"cornodominado",2
"cotas",2
"cpf",2
"crianças",2
"criou",2
"crisbrasilreal",2
"cucklifebr",2
"cuckoldfriends",2
"debatenaband",2
"declara",2
"dei",2
"deixa",2
"delação",2
"demi",2
"dessa",2
"discurso",2
"disputa",2
"disso",2
"dividendos",2
"documentár",2
"draraissasoares",2
"dávila",2
"economia",2
"eleições",2
"empreendendo",2
"encontrar",2
"eniofontenelle",2
"entendi",2
"equivale",2
"escudo",2
"espero",2
"espn",2
"estar",2
"etc",2
"europeu",2
"evento",2
"expu",2
"falei",2
"fase",2
"fatos",2
"faz",2
"fazem",2
"federal",2
"feminicidio",2
"ficou",2
"filmes",2
"finalmente",2
"fio",2
"fiuzafirmao",2
"flaviobolsonaro",2
"folha",2
"forma",2
"formais",2
"foro",2
"futebolinfo",2
"gaguejou",2
"galera",2
"gera",2
"globes",2
"gol",2
"golpe",2
"governador",2
"grupo",2
"guilhermeboulos",2
"gás",2
"historia",2
"idol",2
"importante",2
"importância",2
"impossível",2
"indígenas",2
"influenciadores",2
"inglaterra",2
"inocentado",2
"interesses",2
"ipec",2
"jamais",2
"jefferson",2
"jogo",2
"jogos",2
"josé",2
"jouberth",2
"judicial",2
"julgado",2
"junta",2
"junto",2
"juro",2
"justin",2
"kimpaim",2
"kkk",2
"kkkkkkkkk",2
"ladrão",2
"lança",2
"lançamento",2
"lascado",2
"lei",2
"lembro",2
"limpo",2
"livrar",2
"local",2
"longe",2
"louipeace",2
"lovato",2
"luladrão",2
"lulanaband",2
"lá",2
"maiores",2
"maquiagem",2
"mds",2
"melhorar",2
"menor",2
"mentem",2
"mentiu",2
"mercosul",2
"meses",2
"metade",2
"microfone",2
"miltonneves",2
"morrem",2
"mostra",2
"motivo",2
"msm",2
"mstoficial",2
"muitos",2
"mão",2
"namjoon",2
"namorada",2
"nivel",2
"número",2
"oclannnn",2
"odeio",2
"ogatobh",2
"only",2
"onu",2
"ouvindo",2
"pano",2
"participar",2
"participação",2
"partido",2
"passar",2
"patriota",2
"pau",2
"paulacasada",2
"países",2
"pedrowerneckrj",2
"pensando",2
"pensar",2
"perdem",2
"peso",2
"piscou",2
"podem",2
"pois",2
"políticas",2
"potencial",2
"pqp",2
"preciso",2
"presidencial",2
"president",2
"presidentes",2
"presidência",2
"projeto",2
"promovida",2
"protagonista",2
"provavelmente",2
"prática",2
"próxima",2
"ptbrasil",2
"pública",2
"qdo",2
"quanto",2
"queda",2
"quer",2
"querendo",2
"questionamento",2
"reais",2
"real",2
"receberei",2
"recente",2
"rede",2
"redebandeirante",2
"reescrever",2
"renatacelloreal",2
"república",2
"respeito",2
"responde",2
"responder",2
"resultado",2
"retórica",2
"risco",2
"roberto",2
"rock",2
"roque",2
"roubar",2
"rsrs",2
"rápido",2
"sabia",2
"sair",2
"sangrou",2
"seguir",2
"senadora",2
"senadorhumberto",2
"sergipe",2
"serviço",2
"severin",2
"sigam",2
"significado",2
"sim",2
"simplesmente",2
"siteptbr",2
"snci",2
"sociais",2
"solteiro",2
"solução",2
"sportv",2
"suficiente",2
"superbrasil",2
"sweambassadorbr",2
"sério",2
"talimito",2
"tatuagem",2
"taxas",2
"tchutchuca",2
"tema",2
"tempos",2
"tentando",2
"tentem",2
"tirou",2
"toma",2
"topo",2
"trabalhadores",2
"trabalhando",2
"trabalho",2
"trouxe",2
"tvgloborio",2
"txt",2
"urgente",2
"usou",2
"usp",2
"vagas",2
"valores",2
"veja",2
"vencer",2
"venezuela",2
"verdades",2
"vermelho",2
"vermelhossim",2
"vezes",2
"via",2
"vier",2
"vini",2
"viniciuscfp",2
"vir",2
"virar",2
"vitor",2
"volpi",2
"voltar",2
"vê",2
"williambonner",2
"ódio",2
"abaixo",1
"abençoar",1
"aberração",1
"abin",1
"abordagens",1
"abraço",1
"absolutamente",1
"acaba",1
"acervocharts",1
"acessa",1
"acessibilidade",1
"acesso",1
"acessoanittar",1
"acham",1
"achar",1
"aclamar",1
"acordo",1
"acordos",1
"acordou",1
"acreditasse",1
"acreditei",1
"acusam",1
"aderiram",1
"adoniscesar",1
"adora",1
"advogadoadm",1
"advogadosoacb",1
"afastar",1
"afinal",1
"afirmar",1
"afroconveniencia",1
"afterdailybr",1
"agencialupa",1
"agiota",1
"agro",1
"agstonogueira",1
"aguarda",1
"aguentar",1
"ahahahah",1
"aiii",1
"ajotapaula",1
"alavancar",1
"alckmin",1
"aleagle",1
"alealg",1
"alegra",1
"alemã",1
"alexand",1
"alexandreptcv",1
"algum",1
"aliado",1
"alimenta",1
"alist",1
"aliás",1
"all",1
"alma",1
"alqueires",1
"alta",1
"alterada",1
"alternativa",1
"alto",1
"altura",1
"alves",1
"alvxaro",1
"além",1
"alô",1
"amados",1
"amarelo",1
"amazônia",1
"ambiental",1
"ambos",1
"ameaçada",1
"ameaçado",1
"amei",1
"americana",1
"amigas",1
"amorzinho",1
"amplia",1
"amé",1
"anajup",1
"analiso",1
"anapaulamatosba",1
"anapaulamuril",1
"andersongtorres",1
"andrejanonesadv",1
"angola",1
"animada",1
"anira",1
"anittapress",1
"anote",1
"ansiedade",1
"ansiosos",1
"antidemocráticas",1
"anula",1
"anunciadas",1
"análise",1
"análogo",1
"aosfatos",1
"aparecia",1
"aparelh",1
"apelidos",1
"apenaswitz",1
"apib",1
"apoio",1
"apoiou",1
"aposentados",1
"appelluciano",1
"apresenta",1
"aprofundar",1
"aprovada",1
"aras",1
"are",1
"areas",1
"argumentos",1
"ariellemacedo",1
"armado",1
"arquivoxandy",1
"arrancada",1
"arrudahenriquee",1
"arrumar",1
"articulados",1
"articulação",1
"artistas",1
"asarock",1
"ass",1
"assassinatos",1
"assistir",1
"associados",1
"associações",1
"astropontes",1
"ataca",1
"atacar",1
"ataques",1
"ateiji",1
"atender",1
"atendo",1
"atenção",1
"atingir",1
"atingiu",1
"ativismo",1
"atopos",1
"atrapalhar",1
"atraso",1
"atrás",1
"augusto",1
"augustosnunes",1
"aula",1
"aulao",1
"autorizo",1
"auxilio",1
"avance",1
"avança",1
"avermelhou",1
"avisa",1
"açã",1
"ações",1
"bacana",1
"bahia",1
"baianomansour",1
"baila",1
"bananeiro",1
"bananeiros",1
"bancada",1
"bancado",1
"bandalém",1
"bandeirantes",1
"banheira",1
"bartolomeu",1
"bastante",1
"bate",1
"bater",1
"bbas",1
"bctdimel",1
"bebendo",1
"belém",1
"bemvindoa",1
"benef",1
"benefício",1
"besta",1
"biaejimin",1
"bicentenário",1
"bieber",1
"biebernovidade",1
"biellvitorio",1
"bilheteria",1
"billie",1
"billieperdida",1
"birulindo",1
"bis",1
"blackpink",1
"blackpinkbrasil",1
"bloco",1
"boas",1
"bobagem",1
"bocas",1
"bolso",1
"bolsominion",1
"bolsonaronoprimeirotu",1
"bolsonaroo",1
"bolívia",1
"bora",1
"borgescm",1
"bot",1
"botar",1
"botou",1
"bots",1
"bozolini",1
"bra",1
"bradesco",1
"braganettogen",1
"brasi",1
"brasilcorno",1
"brasildesviou",1
"brasilei",1
"brasileirão",1
"brasilrichards",1
"brasilwithsnft",1
"brasília",1
"braço",1
"break",1
"brilhante",1
"brksluis",1
"brown",1
"bruggenismo",1
"bruna",1
"brusselive",1
"brutal",1
"bubbaloobrasil",1
"buraco",1
"búlgar",1
"cabeça",1
"cabo",1
"cacaroto",1
"cacaubraga",1
"cachoeiradosul",1
"cachorrada",1
"cadê",1
"caem",1
"cairam",1
"calar",1
"calcinhadodia",1
"cama",1
"camarins",1
"camiszm",1
"campanhas",1
"campeao",1
"campeonatos",1
"campeões",1
"campo",1
"candyferraz",1
"cansou",1
"cantei",1
"cantina",1
"cantos",1
"caos",1
"capaz",1
"capitaodopovovaivencerdenovo",1
"caralho",1
"caras",1
"carats",1
"carbônico",1
"card",1
"careca",1
"carinhosament",1
"carloscigliano",1
"carluxo",1
"carmonasp",1
"carne",1
"caro",1
"carreira",1
"cartórios",1
"casadarei",1
"casais",1
"casamento",1
"casar",1
"cash",1
"caso",1
"casou",1
"causou",1
"caótico",1
"ceclynch",1
"cegamente",1
"ceissamed",1
"cena",1
"ceni",1
"central",1
"centraldoapito",1
"centralzefelipe",1
"centraosempre",1
"centuriao",1
"cenário",1
"cguedes",1
"chaoeco",1
"charmoso",1
"chato",1
"checkmatthtv",1
"cheguei",1
"chicks",1
"chile",1
"chorando",1
"chorões",1
"cientista",1
"cima",1
"circo",1
"claro",1
"claudiabonoro",1
"cleuzatur",1
"clinerare",1
"clodomiro",1
"cloroquina",1
"club",1
"cnjoficial",1
"cobrança",1
"colando",1
"colband",1
"coletivo",1
"coletivolrasil",1
"colocar",1
"colocação",1
"coluna",1
"colônia",1
"come",1
"comecei",1
"comendo",1
"comentando",1
"comentarista",1
"comentários",1
"comerciais",1
"começam",1
"começando",1
"compareceu",1
"comparsas",1
"completa",1
"complexo",1
"comprando",1
"compreenderá",1
"comprinhas",1
"comprometimento",1
"comum",1
"comício",1
"concepção",1
"conclusão",1
"concorra",1
"conf",1
"confiei",1
"confirmando",1
"confirmar",1
"conflito",1
"conformarei",1
"conformei",1
"congelante",1
"conquista",1
"conquistada",1
"consciência",1
"consegue",1
"conseguiu",1
"conservadonaro",1
"considerado",1
"considerando",1
"considerações",1
"construção",1
"construído",1
"consórcio",1
"contaminado",1
"continuam",1
"contribui",1
"contribuições",1
"controversa",1
"contrário",1
"contudo",1
"contumaz",1
"conveniente",1
"conviver",1
"convivência",1
"convoco",1
"cooperação",1
"coordena",1
"coordenada",1
"coreano",1
"coreografei",1
"coreografia",1
"cores",1
"corinthians",1
"cornobrasil",1
"corrup",1
"corruptos",1
"costas",1
"costume",1
"couttosamylle",1
"coxinha",1
"cpi",1
"crescerá",1
"criada",1
"criadores",1
"criando",1
"criança",1
"criação",1
"criminosa",1
"criminosos",1
"cris",1
"crisdoleo",1
"crise",1
"cristãos",1
"criticando",1
"crédito",1
"cuidadosamente",1
"cuidar",1
"cuja",1
"cultura",1
"curiosidade",1
"curiosidades",1
"curiosidadesdb",1
"curitiba",1
"curso",1
"custódia",1
"cut",1
"cutbrasil",1
"cxmpbell",1
"cynaramenezes",1
"cássio",1
"código",1
"dados",1
"dando",1
"daniel",1
"danieleagricart",1
"dar",1
"data",1
"datas",1
"davila",1
"deadpoolplus",1
"deb",1
"debaixo",1
"debat",1
"debatenouol",1
"debates",1
"debatespor",1
"debi",1
"declarar",1
"declarações",1
"declarou",1
"decorrência",1
"defeito",1
"defendam",1
"defendendo",1
"defesao",1
"deixamos",1
"deixaram",1
"deixou",1
"del",1
"delaaaa",1
"deleela",1
"delegado",1
"delmartharocha",1
"delucca",1
"delírio",1
"demarcadas",1
"democrática",1
"demográficas",1
"demonstra",1
"demorou",1
"depende",1
"depositem",1
"depressão",1
"deputada",1
"deputado",1
"deputados",1
"deram",1
"derciro",1
"derrota",1
"desatino",1
"descobertos",1
"descondenado",1
"desde",1
"desempenho",1
"desenvolver",1
"desespero",1
"desgraçados",1
"desigual",1
"desistir",1
"desmatar",1
"desmentindobozo",1
"despiora",1
"desponta",1
"desses",1
"destacar",1
"deste",1
"destravou",1
"destruir",1
"deve",1
"dictadura",1
"did",1
"diferença",1
"difícil",1
"dignidade",1
"digo",1
"dilma",1
"diogoguimaresj",1
"direita",1
"direta",1
"dirigida",1
"discriminação",1
"discussões",1
"ditadores",1
"ditaduras",1
"ditas",1
"diva",1
"diversos",1
"divididos",1
"dividir",1
"divisão",1
"divulgar",1
"divulvar",1
"dizem",1
"dizendo",1
"dizia",1
"dna",1
"dobro",1
"documento",1
"doido",1
"doldiarioonline",1
"domingo",1
"domingos",1
"domlancellotti",1
"domrodrigao",1
"donos",1
"dor",1
"dorival",1
"doğa",1
"drmarcosfalcao",1
"duas",1
"ducavendish",1
"duro",1
"dá",1
"dúvida",1
"econômico",1
"editorialjornal",1
"edsonicyouth",1
"eduardomoreira",1
"educação",1
"edugiraooficial",1
"efetivamente",1
"efetivas",1
"eilish",1
"eis",1
"elaboração",1
"elascom",1
"elcomplex",1
"elea",1
"eleitorados",1
"eleição",1
"elementos",1
"eliminar",1
"embaixador",1
"emerson",1
"emplaca",1
"empre",1
"empregados",1
"empresário",1
"enfim",1
"engajamento",1
"engana",1
"engraçado",1
"enquanto",1
"enrolado",1
"entenda",1
"entender",1
"entidade",1
"entrando",1
"entrar",1
"entregas",1
"entretenimento",1
"entrevista",1
"entrevistas",1
"envergonhado",1
"episodio",1
"erikfigueiredo",1
"erikiterena",1
"erro",1
"escapar",1
"escola",1
"escravidão",1
"escreve",1
"escrito",1
"escrota",1
"esforço",1
"especialmente",1
"esperado",1
"esperar",1
"esquerda",1
"esquerdas",1
"esquerdistas",1
"estados",1
"estarei",1
"estaria",1
"estará",1
"estaríamos",1
"estatizar",1
"estratégias",1
"estreia",1
"estruturantes",1
"estudantes",1
"estúdiomilitante",1
"europa",1
"europeia",1
"eusigo",1
"exemplo",1
"exibidos",1
"exigindo",1
"exigências",1
"existiam",1
"expectativa",1
"explicar",1
"explodindo",1
"expresid",1
"exterior",1
"extrema",1
"extremos",1
"eye",1
"fabiofaria",1
"facebook",1
"facil",1
"facilitamos",1
"faixas",1
"falam",1
"falamuka",1
"falaremos",1
"falharam",1
"faltava",1
"falácias",1
"famosos",1
"famílias",1
"fanatismo",1
"fanboy",1
"fandom",1
"fanfic",1
"farto",1
"fases",1
"fasufafabiana",1
"fatosnacionais",1
"favor",1
"favoravelmente",1
"favorecer",1
"fazenda",1
"febre",1
"fechamento",1
"fechem",1
"feddemarquezz",1
"feeitosa",1
"feitas",1
"felipeis",1
"feminista",1
"feridos",1
"fernandobboy",1
"ferro",1
"festa",1
"fiat",1
"fiatbr",1
"fiatpulse",1
"fico",1
"fiel",1
"fiennes",1
"figueirense",1
"figura",1
"figuras",1
"fii",1
"filgmartin",1
"filha",1
"filhote",1
"filiperl",1
"fim",1
"finais",1
"finjo",1
"fique",1
"fittipaldi",1
"fizeram",1
"flesch",1
"florentino",1
"fmourabrasil",1
"foda",1
"fofo",1
"fomentar",1
"formal",1
"formato",1
"fortaleceu",1
"fortes",1
"força",1
"fossora",1
"fotos",1
"frança",1
"fraquejada",1
"frete",1
"freuddebochado",1
"frio",1
"fsb",1
"fugifada",1
"funerárias",1
"futurinhos",1
"futuros",1
"fuzis",1
"fábulas",1
"gaiofact",1
"galenovix",1
"gallopedro",1
"ganhado",1
"ganhando",1
"ganharmos",1
"ganhou",1
"garantido",1
"garcia",1
"garota",1
"garotasbrazucas",1
"garrincha",1
"gastou",1
"gaveta",1
"gbrasilsdv",1
"geglobo",1
"gelo",1
"gen",1
"generalmourao",1
"genocídio",1
"genshinbrasil",1
"gerador",1
"gerais",1
"geral",1
"geraldo",1
"ggarc",1
"gil",1
"gildovigor",1
"gilmar",1
"gilsonmelo",1
"gioewbank",1
"giovannaholanda",1
"global",1
"globo",1
"globonews",1
"gloriosa",1
"glória",1
"goleou",1
"gonna",1
"google",1
"gostaria",1
"gosto",1
"gostosa",1
"gov",1
"gover",1
"governa",1
"governadores",1
"governar",1
"governos",1
"gratuita",1
"graus",1
"grave",1
"greatest",1
"grelo",1
"grátis",1
"guajajarasonia",1
"guarana",1
"guelberh",1
"guerra",1
"guerras",1
"gueto",1
"guinespfc",1
"gyancoosta",1
"gênero",1
"habilidade",1
"habitantes",1
"haddadfernando",1
"haha",1
"harujiggly",1
"heloisahelena",1
"hero",1
"hildeangel",1
"hipócrita",1
"his",1
"hisjournis",1
"history",1
"históricas",1
"holanda",1
"holandamary",1
"holysainto",1
"homicídio",1
"honestas",1
"hora",1
"horas",1
"horário",1
"hoseok",1
"hugogloss",1
"humilde",1
"hybe",1
"ida",1
"ideia",1
"identitarismo",1
"ideologia",1
"idêntica",1
"iexandre",1
"ignora",1
"igual",1
"impchmada",1
"impecável",1
"impedimento",1
"implementarmos",1
"implicações",1
"imposição",1
"impressionante",1
"impresso",1
"impunidade",1
"imrinsun",1
"imóveis",1
"inclusão",1
"incompetência",1
"incrível",1
"indefeso",1
"independência",1
"indica",1
"indicações",1
"infelicidade",1
"inferior",1
"informacao",1
"infos",1
"inglesa",1
"ingleses",1
"inglês",1
"injusta",1
"injustiça",1
"injusto",1
"inovação",1
"inspirado",1
"instagram",1
"instalar",1
"instantâneo",1
"instituiu",1
"instituições",1
"institutos",1
"instrumentalizada",1
"inteligentes",1
"intenso",1
"interessa",1
"interpretação",1
"intervenção",1
"intolerância",1
"inveja",1
"invertida",1
"investimento",1
"investimentos",1
"inácio",1
"irei",1
"irresponsável",1
"islâmico",1
"jair",1
"jairmessiasbolsonaro",1
"jandrei",1
"janeiro",1
"japanesebr",1
"jardineiro",1
"jato",1
"jayaaimlocking",1
"jcp",1
"jeannecristineb",1
"jeito",1
"jeonxnamite",1
"jesus",1
"jihoonbrasil",1
"joaobahrr",1
"jogador",1
"jogando",1
"joorica",1
"jordan",1
"jornalbsm",1
"jornaldacidadeo",1
"jornalismo",1
"jornalistadistorce",1
"jornalistas",1
"jornaloglobo",1
"jovempannews",1
"jucompimenta",1
"julyuda",1
"juntamente",1
"juntos",1
"juristas",1
"jurídica",1
"justicetourbr",1
"justifica",1
"justo",1
"kanye",1
"kardashian",1
"karinebh",1
"karminpt",1
"kathnielbrazil",1
"kayanhaonny",1
"kelmon",1
"kendrachihaya",1
"kinkyangels",1
"kkkkk",1
"kkkkkkkkkkkkkkkkkkk",1
"kkkkkkkkkkkkkkkkkkkkkkk",1
"kkkkkkkkkkkkkkkkkkkkkkkkk",1
"kourtney",1
"kpop",1
"krlh",1
"lado",1
"lados",1
"lalamartinxx",1
"lama",1
"lançado",1
"lançando",1
"lançará",1
"latina",1
"latino",1
"lava",1
"lavada",1
"leem",1
"legal",1
"legalidade",1
"lembrando",1
"lembremse",1
"lenda",1
"ler",1
"levantar",1
"levantava",1
"levantem",1
"levar",1
"lidera",1
"liderança",1
"lideranças",1
"limiar",1
"lindos",1
"linha",1
"link",1
"logo",1
"loide",1
"loja",1
"loka",1
"lolla",1
"look",1
"louco",1
"loudlula",1
"louis",1
"lovesafadas",1
"lucianohuck",1
"luislacombereal",1
"luiz",1
"lulaeoptjánoºturno",1
"lulagigantei",1
"lulapelobrasilfreixopelorj",1
"lulapelobrasilkal",1
"lulaverso",1
"lulinha",1
"lupa",1
"lutar",1
"lutas",1
"lxwra",1
"lygiamartins",1
"língua",1
"mabronca",1
"machismo",1
"mae",1
"mah",1
"mai",1
"maiconsulivanbr",1
"maio",1
"maluco",1
"mamrl",1
"mamães",1
"manda",1
"maneskin",1
"manifestação",1
"mano",1
"manutd",1
"maradona",1
"marcelinocarv",1
"marcelomeds",1
"marciahonorato",1
"marciom",1
"marcosuchoa",1
"marejados",1
"maria",1
"marqu",1
"marqueteiro",1
"marquezine",1
"martabeattie",1
"março",1
"matamata",1
"matéria",1
"mcpciro",1
"media",1
"medida",1
"medley",1
"medo",1
"melda",1
"melhora",1
"melhores",1
"mello",1
"mendes",1
"menino",1
"menores",1
"mensalão",1
"mental",1
"mentirosa",1
"merece",1
"merecem",1
"mereço",1
"messi",1
"meteu",1
"mfriasoficial",1
"michelle",1
"miembro",1
"miley",1
"milhares",1
"milhão",1
"milhõe",1
"militar",1
"minavcraft",1
"minuto",1
"miriamleitao",1
"miseria",1
"misoginia",1
"miséria",1
"mitob",1
"mitomaníaca",1
"mlk",1
"mobilização",1
"modelo",1
"modernas",1
"modernos",1
"momentomarilia",1
"mondimiracema",1
"mood",1
"mora",1
"morreu",1
"mortas",1
"morte",1
"mortes",1
"mostrarmos",1
"motociatas",1
"moça",1
"mpfpgr",1
"mto",1
"mudanças",1
"mudará",1
"muladrão",1
"mundiais",1
"mundinhomajubr",1
"mundocuckold",1
"musa",1
"mãe",1
"médicos",1
"mês",1
"mílico",1
"mínimo",1
"música",1
"músicas",1
"músicos",1
"nacionais",1
"nacipraydan",1
"nadaisso",1
"nah",1
"nasceu",1
"nasci",1
"nasruas",1
"natanae",1
"naturalizar",1
"nee",1
"nefasta",1
"negan",1
"negociado",1
"negou",1
"negócios",1
"neles",1
"nelson",1
"nepatbr",1
"netinho",1
"netinhooficial",1
"neto",1
"neve",1
"nevesricardoo",1
"nexusbryt",1
"ney",1
"neylopesmachado",1
"neymarjrdepre",1
"ngeloferreirad",1
"nicaragua",1
"nisso",1
"nocontextfooty",1
"nojento",1
"normal",1
"noruega",1
"noruegabrasil",1
"nota",1
"notar",1
"noticiar",1
"notícias",1
"nova",1
"novamente",1
"novelas",1
"novinha",1
"nuu",1
"nydra",1
"oalagoa",1
"oalexandrebraga",1
"obrigada",1
"obrigação",1
"ocorrendo",1
"ocorrerão",1
"ocorreu",1
"ocupantes",1
"office",1
"oficial",1
"oficialmente",1
"olha",1
"olhando",1
"olhe",1
"olhos",1
"olá",1
"omelete",1
"omita",1
"oocbrsao",1
"oocplaystore",1
"oooh",1
"oportunistas",1
"organizações",1
"organizou",1
"original",1
"originaleumermo",1
"ortega",1
"orçamento",1
"out",1
"outro",1
"outubro",1
"ouve",1
"pacificar",1
"pacote",1
"pacotinhos",1
"pacto",1
"padre",1
"paga",1
"pagamentos",1
"pai",1
"pais",1
"palco",1
"palmeira",1
"palpiteiroprofi",1
"panampostes",1
"pane",1
"papais",1
"papo",1
"paposfut",1
"paquetá",1
"parabeniza",1
"parar",1
"parasamuel",1
"parcerias",1
"parecia",1
"parente",1
"parte",1
"partir",1
"partiu",1
"passado",1
"patatipatatá",1
"pateticamente",1
"patrimônio",1
"patriotacardoso",1
"patrlotas",1
"paulocnf",1
"paz",1
"pazuellogeneral",1
"pedido",1
"pedindo",1
"pedir",1
"pediu",1
"pedro",1
"pedrohcmeira",1
"peele",1
"pegar",1
"pego",1
"pelé",1
"pena",1
"pensado",1
"penúltimo",1
"perdi",1
"perfeito",1
"perguntaram",1
"perguntas",1
"perguntatentou",1
"perguntou",1
"perseguindo",1
"personagens",1
"perto",1
"pesgrau",1
"pesquisar",1
"pesquisas",1
"petistas",1
"petrobras",1
"petrobrás",1
"pgr",1
"piacesiramos",1
"piada",1
"picadeiro",1
"pinguço",1
"pinheirovittorr",1
"pinkittykat",1
"pinkveno",1
"pior",1
"piquet",1
"pix",1
"plano",1
"pleito",1
"pobre",1
"pobreza",1
"podcast",1
"poder",1
"poderes",1
"poderia",1
"poderá",1
"polarizando",1
"politicamente",1
"politico",1
"político",1
"poor",1
"pop",1
"popularizei",1
"porrrakdjfjekre",1
"portaldovt",1
"porto",1
"portugal",1
"portuguesa",1
"positivo",1
"posição",1
"possa",1
"possibilidade",1
"possibilidades",1
"postos",1
"povos",1
"pras",1
"praticamente",1
"precisar",1
"preconceito",1
"prefiro",1
"prejudicadas",1
"prejudiciais",1
"premiação",1
"premio",1
"preocupe",1
"preparar",1
"presente",1
"presi",1
"presid",1
"preside",1
"presidencialisso",1
"presidiario",1
"pretademaiss",1
"prevê",1
"primeiradama",1
"primeiras",1
"primeiros",1
"princesa",1
"princsugar",1
"prisão",1
"problema",1
"problemas",1
"procedimento",1
"processos",1
"produtivogerador",1
"produzem",1
"produção",1
"prof",1
"profcabarros",1
"profes",1
"programas",1
"promete",1
"pronto",1
"propaganda",1
"proporcionar",1
"propostas",1
"prostíbulo",1
"protesto",1
"protestos",1
"proventos",1
"provisória",1
"provocador",1
"prpi",1
"prpiusp",1
"prudução",1
"préhospitalar",1
"própria",1
"próprias",1
"próximas",1
"próximo",1
"próximos",1
"psdbsp",1
"publicar",1
"publicações",1
"pulsa",1
"pulse",1
"puniu",1
"puta",1
"putz",1
"público",1
"quadra",1
"quadrilha",1
"qualidade",1
"qualif",1
"quartemo",1
"quebrado",1
"quebsou",1
"queer",1
"queimar",1
"querem",1
"queria",1
"questionou",1
"quota",1
"rabuda",1
"rabudasbr",1
"rainha",1
"ramoseneildes",1
"rapaz",1
"reagir",1
"realizado",1
"realpaschoalini",1
"realpfigueiredo",1
"reações",1
"rebate",1
"recebem",1
"recebi",1
"recentes",1
"recla",1
"reconhece",1
"recupera",1
"recuperou",1
"reed",1
"reeleição",1
"referiu",1
"reflexões",1
"reforça",1
"registra",1
"registrada",1
"registro",1
"reinvestimentos",1
"reinvestir",1
"relata",1
"relação",1
"relembra",1
"religiosa",1
"religioso",1
"religiões",1
"renaldinhos",1
"renda",1
"rendimentos",1
"rep",1
"repito",1
"reportersalles",1
"representam",1
"reserva",1
"reservas",1
"resistindo",1
"resolve",1
"resp",1
"respectivos",1
"respeita",1
"respeitar",1
"respondendo",1
"respondeu",1
"responsável",1
"resumo",1
"retirei",1
"revelações",1
"revelou",1
"rezem",1
"rfds",1
"rica",1
"ricardo",1
"richards",1
"rindo",1
"riooo",1
"risadas",1
"ritmo",1
"rivelino",1
"rmotta",1
"robôs",1
"rodr",1
"rodrigo",1
"roluchsinger",1
"romerinhoj",1
"rompeu",1
"romário",1
"ronaldinho",1
"ronaldo",1
"rosário",1
"rota",1
"roubou",1
"ruas",1
"ruim",1
"ruins",1
"rumo",1
"sabendo",1
"sabiam",1
"sacas",1
"saiu",1
"salario",1
"saldo",1
"salles",1
"salvador",1
"salvar",1
"salários",1
"samaramartinsup",1
"sandra",1
"santoslucas",1
"sapatao",1
"saqueou",1
"saudades",1
"saúde",1
"sccpfutfeminino",1
"secreto",1
"segue",1
"segui",1
"seguidores",1
"seguinte",1
"seguirem",1
"segundo",1
"segundou",1
"segurança",1
"segurançaalimentar",1
"seguro",1
"sei",1
"seleção",1
"selvaaaaa",1
"senad",1
"senado",1
"separou",1
"serem",1
"serginsfc",1
"sergiomarone",1
"sertão",1
"serve",1
"servindo",1
"serviu",1
"seríssimas",1
"setembro",1
"sfmoro",1
"shake",1
"sido",1
"sidônio",1
"significa",1
"sikerajr",1
"silaturkogluu",1
"silva",1
"silvionavarro",1
"simbólico",1
"simples",1
"simplicidade",1
"sinquérito",1
"sinto",1
"sintomas",1
"sites",1
"situação",1
"slogan",1
"soberania",1
"soc",1
"social",1
"socialismo",1
"socialista",1
"sofrem",1
"sofrer",1
"sofreu",1
"solapa",1
"soldados",1
"somando",1
"some",1
"somente",1
"sonoras",1
"sorrir",1
"sorte",1
"soube",1
"soumulherevotobolsonaro",1
"sourubronegrooo",1
"souzza",1
"sport",1
"staff",1
"start",1
"stf",1
"stj",1
"sub",1
"subempregos",1
"substituto",1
"sucesso",1
"suja",1
"sujeito",1
"super",1
"surge",1
"surreal",1
"survivalbrasil",1
"sus",1
"sutilmente",1
"suv",1
"swift",1
"sábados",1
"século",1
"séri",1
"sérias",1
"série",1
"séries",1
"sétimo",1
"símbolo",1
"talvez",1
"tamo",1
"tanta",1
"tantas",1
"tantos",1
"tao",1
"tarde",1
"tax",1
"taxa",1
"taylor",1
"tbm",1
"telão",1
"tendo",1
"teorias",1
"terapia",1
"terceira",1
"tercioarnaud",1
"terminará",1
"terrabrasilnot",1
"território",1
"terror",1
"terrível",1
"teta",1
"tetra",1
"thaispsic",1
"thaou",1
"thebrasil",1
"thedantewill",1
"think",1
"thomasalencr",1
"thronicke",1
"thukacontessa",1
"tiagobarbosa",1
"tiffin",1
"tigrão",1
"tiktokzinho",1
"timeco",1
"tiofurro",1
"tipo",1
"tira",1
"tirava",1
"toda",1
"todoscomciro",1
"tolerar",1
"tonystarkmeta",1
"torce",1
"torcedor",1
"torcedores",1
"torcida",1
"total",1
"tour",1
"tradutordobr",1
"tragédia",1
"tratores",1
"trazer",1
"trecho",1
"trilhas",1
"triplex",1
"trocas",1
"trouxas",1
"true",1
"tuliogadelha",1
"turbinado",1
"turno",1
"tweet",1
"técnico",1
"título",1
"títulos",1
"udrse",1
"ueeelll",1
"ufc",1
"una",1
"uniaobrasil",1
"unico",1
"unicuckold",1
"unimos",1
"united",1
"uns",1
"uol",1
"uolnoticias",1
"updatecharts",1
"urgenteem",1
"uso",1
"utilizado",1
"utilizou",1
"vacinas",1
"vagabundo",1
"valdivialiette",1
"vale",1
"valenterj",1
"valor",1
"vaniadealmeid",1
"vantagem",1
"vantagempatético",1
"vanuzarocha",1
"vasco",1
"venda",1
"venezuelano",1
"venham",1
"verdadeiramente",1
"verdadeiro",1
"verde",1
"verinha",1
"verme",1
"vice",1
"viciado",1
"video",1
"videos",1
"vigor",1
"vinipedrozas",1
"violência",1
"vira",1
"virada",1
"viral",1
"viralata",1
"viram",1
"viro",1
"visual",1
"vitimismo",1
"vivendo",1
"vivibrasil",1
"vixi",1
"voce",1
"vociferou",1
"voltasse",1
"votado",1
"votam",1
"votaram",1
"vote",1
"votem",1
"votou",1
"válido",1
"várias",1
"vários",1
"wanminleaks",1
"wasnt",1
"welcome",1
"wendy",1
"wesleyssales",1
"west",1
"world",1
"xandão",1
"xicograziano",1
"xxi",1
"you",1
"youtube",1
"yscoutt",1
"zehche",1
"zero",1
"zico",1
"zilahelena",1
"água",1
"âmbito",1
"ênfase",1
"últimos",1
"única",1
